Label,X,Y,Image,XImSize,YImSize
human,255,572,1660460400.jpg,1920,1080
human,261,596,1660460400.jpg,1920,1080
human,381,554,1660460400.jpg,1920,1080
human,416,540,1660460400.jpg,1920,1080
human,462,558,1660460400.jpg,1920,1080
human,475,585,1660460400.jpg,1920,1080
human,502,587,1660460400.jpg,1920,1080
human,542,543,1660460400.jpg,1920,1080
human,679,577,1660460400.jpg,1920,1080
human,795,523,1660460400.jpg,1920,1080
human,900,561,1660460400.jpg,1920,1080
human,933,511,1660460400.jpg,1920,1080
human,1147,518,1660460400.jpg,1920,1080
human,1196,511,1660460400.jpg,1920,1080
human,1211,512,1660460400.jpg,1920,1080
human,1401,573,1660460400.jpg,1920,1080
human,1450,581,1660460400.jpg,1920,1080
human,1501,467,1660460400.jpg,1920,1080
human,1512,462,1660460400.jpg,1920,1080
human,1577,462,1660460400.jpg,1920,1080
human,1701,456,1660460400.jpg,1920,1080
human,1765,461,1660460400.jpg,1920,1080
human,1231,518,1660460400.jpg,1920,1080
human,726,510,1660460400.jpg,1920,1080
human,1057,678,1660464000.jpg,1920,1080
human,1071,588,1660464000.jpg,1920,1080
human,1045,587,1660464000.jpg,1920,1080
human,1221,513,1660464000.jpg,1920,1080
human,1243,501,1660464000.jpg,1920,1080
human,1253,492,1660464000.jpg,1920,1080
human,1241,477,1660464000.jpg,1920,1080
human,1227,479,1660464000.jpg,1920,1080
human,1203,472,1660464000.jpg,1920,1080
human,1165,489,1660464000.jpg,1920,1080
human,1019,511,1660464000.jpg,1920,1080
human,993,497,1660464000.jpg,1920,1080
human,990,515,1660464000.jpg,1920,1080
human,948,514,1660464000.jpg,1920,1080
human,932,519,1660464000.jpg,1920,1080
human,763,526,1660464000.jpg,1920,1080
human,703,574,1660464000.jpg,1920,1080
human,653,568,1660464000.jpg,1920,1080
human,382,568,1660464000.jpg,1920,1080
human,392,571,1660464000.jpg,1920,1080
human,416,555,1660464000.jpg,1920,1080
human,584,586,1660464000.jpg,1920,1080
human,296,572,1660464000.jpg,1920,1080
human,227,585,1660464000.jpg,1920,1080
human,1340,600,1660464000.jpg,1920,1080
human,1391,605,1660464000.jpg,1920,1080
human,1307,509,1660464000.jpg,1920,1080
human,1345,507,1660464000.jpg,1920,1080
human,1326,473,1660464000.jpg,1920,1080
human,1414,462,1660464000.jpg,1920,1080
human,1458,477,1660464000.jpg,1920,1080
human,1523,436,1660464000.jpg,1920,1080
human,1569,459,1660464000.jpg,1920,1080
human,1539,496,1660464000.jpg,1920,1080
human,1874,473,1660464000.jpg,1920,1080
human,1865,475,1660464000.jpg,1920,1080
human,1837,452,1660464000.jpg,1920,1080
human,1851,454,1660464000.jpg,1920,1080
human,1628,454,1660464000.jpg,1920,1080
human,1620,453,1660464000.jpg,1920,1080
human,1531,485,1660464000.jpg,1920,1080
human,1615,468,1660464000.jpg,1920,1080
human,1717,1020,1660464000.jpg,1920,1080
human,1823,1071,1660464000.jpg,1920,1080
human,1004,962,1660467600.jpg,1920,1080
human,1554,940,1660467600.jpg,1920,1080
human,1569,977,1660467600.jpg,1920,1080
human,1839,1067,1660467600.jpg,1920,1080
human,1869,984,1660467600.jpg,1920,1080
human,79,566,1660467600.jpg,1920,1080
human,109,573,1660467600.jpg,1920,1080
human,72,615,1660467600.jpg,1920,1080
human,152,605,1660467600.jpg,1920,1080
human,208,613,1660467600.jpg,1920,1080
human,265,606,1660467600.jpg,1920,1080
human,291,602,1660467600.jpg,1920,1080
human,302,612,1660467600.jpg,1920,1080
human,217,562,1660467600.jpg,1920,1080
human,204,567,1660467600.jpg,1920,1080
human,292,571,1660467600.jpg,1920,1080
human,379,589,1660467600.jpg,1920,1080
human,397,589,1660467600.jpg,1920,1080
human,388,550,1660467600.jpg,1920,1080
human,486,551,1660467600.jpg,1920,1080
human,485,530,1660467600.jpg,1920,1080
human,522,654,1660467600.jpg,1920,1080
human,434,587,1660467600.jpg,1920,1080
human,448,588,1660467600.jpg,1920,1080
human,468,582,1660467600.jpg,1920,1080
human,420,596,1660467600.jpg,1920,1080
human,598,611,1660467600.jpg,1920,1080
human,622,608,1660467600.jpg,1920,1080
human,610,568,1660467600.jpg,1920,1080
human,590,552,1660467600.jpg,1920,1080
human,568,522,1660467600.jpg,1920,1080
human,711,532,1660467600.jpg,1920,1080
human,760,532,1660467600.jpg,1920,1080
human,737,526,1660467600.jpg,1920,1080
human,695,580,1660467600.jpg,1920,1080
human,804,605,1660467600.jpg,1920,1080
human,887,588,1660467600.jpg,1920,1080
human,856,523,1660467600.jpg,1920,1080
human,844,520,1660467600.jpg,1920,1080
human,802,510,1660467600.jpg,1920,1080
human,966,575,1660467600.jpg,1920,1080
human,949,579,1660467600.jpg,1920,1080
human,923,584,1660467600.jpg,1920,1080
human,1000,609,1660467600.jpg,1920,1080
human,986,576,1660467600.jpg,1920,1080
human,1054,585,1660467600.jpg,1920,1080
human,1089,585,1660467600.jpg,1920,1080
human,1058,551,1660467600.jpg,1920,1080
human,1076,547,1660467600.jpg,1920,1080
human,992,516,1660467600.jpg,1920,1080
human,929,526,1660467600.jpg,1920,1080
human,892,505,1660467600.jpg,1920,1080
human,905,509,1660467600.jpg,1920,1080
human,1158,564,1660467600.jpg,1920,1080
human,1152,532,1660467600.jpg,1920,1080
human,1116,509,1660467600.jpg,1920,1080
human,1130,516,1660467600.jpg,1920,1080
human,1149,502,1660467600.jpg,1920,1080
human,1164,503,1660467600.jpg,1920,1080
human,1028,503,1660467600.jpg,1920,1080
human,1071,492,1660467600.jpg,1920,1080
human,1048,497,1660467600.jpg,1920,1080
human,969,512,1660467600.jpg,1920,1080
human,1239,535,1660467600.jpg,1920,1080
human,1222,544,1660467600.jpg,1920,1080
human,1207,485,1660467600.jpg,1920,1080
human,1224,501,1660467600.jpg,1920,1080
human,1183,494,1660467600.jpg,1920,1080
human,1174,495,1660467600.jpg,1920,1080
human,1279,481,1660467600.jpg,1920,1080
human,1284,495,1660467600.jpg,1920,1080
human,1256,473,1660467600.jpg,1920,1080
human,1229,484,1660467600.jpg,1920,1080
human,1338,524,1660467600.jpg,1920,1080
human,1549,520,1660467600.jpg,1920,1080
human,1471,517,1660467600.jpg,1920,1080
human,1369,477,1660467600.jpg,1920,1080
human,1376,542,1660467600.jpg,1920,1080
human,1496,501,1660467600.jpg,1920,1080
human,1477,490,1660467600.jpg,1920,1080
human,1546,463,1660467600.jpg,1920,1080
human,1544,495,1660467600.jpg,1920,1080
human,1682,495,1660467600.jpg,1920,1080
human,1703,489,1660467600.jpg,1920,1080
human,1715,486,1660467600.jpg,1920,1080
human,1642,437,1660467600.jpg,1920,1080
human,1627,425,1660467600.jpg,1920,1080
human,1620,444,1660467600.jpg,1920,1080
human,1608,434,1660467600.jpg,1920,1080
human,1557,444,1660467600.jpg,1920,1080
human,1502,442,1660467600.jpg,1920,1080
human,1521,453,1660467600.jpg,1920,1080
human,1567,529,1660467600.jpg,1920,1080
human,1540,529,1660467600.jpg,1920,1080
human,1886,495,1660467600.jpg,1920,1080
human,1876,474,1660467600.jpg,1920,1080
human,1865,477,1660467600.jpg,1920,1080
human,1626,486,1660467600.jpg,1920,1080
human,1595,482,1660467600.jpg,1920,1080
human,1574,511,1660467600.jpg,1920,1080
human,1645,500,1660467600.jpg,1920,1080
human,1677,428,1660467600.jpg,1920,1080
human,1718,432,1660467600.jpg,1920,1080
human,1704,419,1660467600.jpg,1920,1080
human,1755,426,1660467600.jpg,1920,1080
human,1742,477,1660467600.jpg,1920,1080
human,1591,957,1660471200.jpg,1920,1080
human,1553,875,1660471200.jpg,1920,1080
human,1863,478,1660471200.jpg,1920,1080
human,1857,467,1660471200.jpg,1920,1080
human,1867,461,1660471200.jpg,1920,1080
human,1465,578,1660471200.jpg,1920,1080
human,1519,567,1660471200.jpg,1920,1080
human,1276,590,1660471200.jpg,1920,1080
human,1261,568,1660471200.jpg,1920,1080
human,1278,571,1660471200.jpg,1920,1080
human,1295,568,1660471200.jpg,1920,1080
human,1305,578,1660471200.jpg,1920,1080
human,1324,576,1660471200.jpg,1920,1080
human,1342,559,1660471200.jpg,1920,1080
human,1302,560,1660471200.jpg,1920,1080
human,1349,510,1660471200.jpg,1920,1080
human,1368,543,1660471200.jpg,1920,1080
human,1241,501,1660471200.jpg,1920,1080
human,1230,491,1660471200.jpg,1920,1080
human,1256,468,1660471200.jpg,1920,1080
human,1275,497,1660471200.jpg,1920,1080
human,1309,483,1660471200.jpg,1920,1080
human,1339,485,1660471200.jpg,1920,1080
human,1350,477,1660471200.jpg,1920,1080
human,1341,459,1660471200.jpg,1920,1080
human,1423,483,1660471200.jpg,1920,1080
human,1411,486,1660471200.jpg,1920,1080
human,1401,486,1660471200.jpg,1920,1080
human,1392,483,1660471200.jpg,1920,1080
human,1473,484,1660471200.jpg,1920,1080
human,1482,485,1660471200.jpg,1920,1080
human,1490,481,1660471200.jpg,1920,1080
human,1512,528,1660471200.jpg,1920,1080
human,1499,526,1660471200.jpg,1920,1080
human,1586,535,1660471200.jpg,1920,1080
human,1567,524,1660471200.jpg,1920,1080
human,1585,552,1660471200.jpg,1920,1080
human,1107,635,1660471200.jpg,1920,1080
human,1086,588,1660471200.jpg,1920,1080
human,1100,587,1660471200.jpg,1920,1080
human,1033,596,1660471200.jpg,1920,1080
human,986,580,1660471200.jpg,1920,1080
human,1119,542,1660471200.jpg,1920,1080
human,1131,542,1660471200.jpg,1920,1080
human,1146,537,1660471200.jpg,1920,1080
human,1174,549,1660471200.jpg,1920,1080
human,1162,535,1660471200.jpg,1920,1080
human,1084,502,1660471200.jpg,1920,1080
human,1026,508,1660471200.jpg,1920,1080
human,1043,508,1660471200.jpg,1920,1080
human,987,507,1660471200.jpg,1920,1080
human,1189,501,1660471200.jpg,1920,1080
human,795,517,1660471200.jpg,1920,1080
human,754,524,1660471200.jpg,1920,1080
human,810,539,1660471200.jpg,1920,1080
human,870,522,1660471200.jpg,1920,1080
human,880,521,1660471200.jpg,1920,1080
human,903,530,1660471200.jpg,1920,1080
human,927,535,1660471200.jpg,1920,1080
human,950,550,1660471200.jpg,1920,1080
human,937,543,1660471200.jpg,1920,1080
human,840,568,1660471200.jpg,1920,1080
human,778,590,1660471200.jpg,1920,1080
human,520,623,1660471200.jpg,1920,1080
human,451,582,1660471200.jpg,1920,1080
human,385,593,1660471200.jpg,1920,1080
human,381,553,1660471200.jpg,1920,1080
human,402,556,1660471200.jpg,1920,1080
human,325,548,1660471200.jpg,1920,1080
human,343,542,1660471200.jpg,1920,1080
human,354,542,1660471200.jpg,1920,1080
human,318,606,1660471200.jpg,1920,1080
human,528,553,1660471200.jpg,1920,1080
human,435,556,1660471200.jpg,1920,1080
human,526,593,1660471200.jpg,1920,1080
human,593,529,1660471200.jpg,1920,1080
human,646,586,1660471200.jpg,1920,1080
human,626,597,1660471200.jpg,1920,1080
human,287,635,1660471200.jpg,1920,1080
human,225,619,1660471200.jpg,1920,1080
human,255,569,1660471200.jpg,1920,1080
human,208,552,1660471200.jpg,1920,1080
human,174,553,1660471200.jpg,1920,1080
human,148,560,1660471200.jpg,1920,1080
human,141,556,1660471200.jpg,1920,1080
human,60,561,1660471200.jpg,1920,1080
human,52,558,1660471200.jpg,1920,1080
human,46,569,1660471200.jpg,1920,1080
human,31,558,1660471200.jpg,1920,1080
human,93,570,1660471200.jpg,1920,1080
human,135,581,1660471200.jpg,1920,1080
human,142,604,1660471200.jpg,1920,1080
human,177,612,1660471200.jpg,1920,1080
human,152,638,1660471200.jpg,1920,1080
human,128,642,1660471200.jpg,1920,1080
human,413,621,1660471200.jpg,1920,1080
human,506,621,1660471200.jpg,1920,1080
human,501,601,1660471200.jpg,1920,1080
human,1021,541,1660471200.jpg,1920,1080
human,1037,539,1660471200.jpg,1920,1080
human,1140,508,1660471200.jpg,1920,1080
human,1390,453,1660471200.jpg,1920,1080
human,1196,482,1660471200.jpg,1920,1080
human,1178,477,1660471200.jpg,1920,1080
human,1157,489,1660471200.jpg,1920,1080
human,1467,461,1660471200.jpg,1920,1080
human,1409,459,1660471200.jpg,1920,1080
human,1421,446,1660471200.jpg,1920,1080
human,1449,443,1660471200.jpg,1920,1080
human,1516,453,1660471200.jpg,1920,1080
human,1549,473,1660471200.jpg,1920,1080
human,1559,475,1660471200.jpg,1920,1080
human,1565,475,1660471200.jpg,1920,1080
human,1562,495,1660471200.jpg,1920,1080
human,1530,493,1660471200.jpg,1920,1080
human,1531,476,1660471200.jpg,1920,1080
human,1640,489,1660471200.jpg,1920,1080
human,1617,443,1660471200.jpg,1920,1080
human,1622,438,1660471200.jpg,1920,1080
human,1627,424,1660471200.jpg,1920,1080
human,1611,432,1660471200.jpg,1920,1080
human,1599,420,1660471200.jpg,1920,1080
human,1588,426,1660471200.jpg,1920,1080
human,1581,422,1660471200.jpg,1920,1080
human,1564,435,1660471200.jpg,1920,1080
human,1667,432,1660471200.jpg,1920,1080
human,1634,455,1660471200.jpg,1920,1080
human,1750,463,1660471200.jpg,1920,1080
human,1706,418,1660471200.jpg,1920,1080
human,1716,428,1660471200.jpg,1920,1080
human,1749,445,1660471200.jpg,1920,1080
human,1708,458,1660471200.jpg,1920,1080
human,133,706,1660474800.jpg,1920,1080
human,172,715,1660474800.jpg,1920,1080
human,299,643,1660474800.jpg,1920,1080
human,272,648,1660474800.jpg,1920,1080
human,332,634,1660474800.jpg,1920,1080
human,6,645,1660474800.jpg,1920,1080
human,15,640,1660474800.jpg,1920,1080
human,94,606,1660474800.jpg,1920,1080
human,106,616,1660474800.jpg,1920,1080
human,62,632,1660474800.jpg,1920,1080
human,4,575,1660474800.jpg,1920,1080
human,34,562,1660474800.jpg,1920,1080
human,22,566,1660474800.jpg,1920,1080
human,79,565,1660474800.jpg,1920,1080
human,64,557,1660474800.jpg,1920,1080
human,97,554,1660474800.jpg,1920,1080
human,119,566,1660474800.jpg,1920,1080
human,173,554,1660474800.jpg,1920,1080
human,185,558,1660474800.jpg,1920,1080
human,197,553,1660474800.jpg,1920,1080
human,172,615,1660474800.jpg,1920,1080
human,243,598,1660474800.jpg,1920,1080
human,251,600,1660474800.jpg,1920,1080
human,258,597,1660474800.jpg,1920,1080
human,260,592,1660474800.jpg,1920,1080
human,291,579,1660474800.jpg,1920,1080
human,271,539,1660474800.jpg,1920,1080
human,141,544,1660474800.jpg,1920,1080
human,109,554,1660474800.jpg,1920,1080
human,57,546,1660474800.jpg,1920,1080
human,59,570,1660474800.jpg,1920,1080
human,157,582,1660474800.jpg,1920,1080
human,214,556,1660474800.jpg,1920,1080
human,221,577,1660474800.jpg,1920,1080
human,186,645,1660474800.jpg,1920,1080
human,4,772,1660474800.jpg,1920,1080
human,819,787,1660474800.jpg,1920,1080
human,1629,768,1660474800.jpg,1920,1080
human,1747,770,1660474800.jpg,1920,1080
human,1813,797,1660474800.jpg,1920,1080
human,1893,515,1660474800.jpg,1920,1080
human,1896,495,1660474800.jpg,1920,1080
human,1916,490,1660474800.jpg,1920,1080
human,1885,489,1660474800.jpg,1920,1080
human,1861,497,1660474800.jpg,1920,1080
human,1871,497,1660474800.jpg,1920,1080
human,1861,452,1660474800.jpg,1920,1080
human,1851,452,1660474800.jpg,1920,1080
human,1709,443,1660474800.jpg,1920,1080
human,1664,563,1660474800.jpg,1920,1080
human,1653,564,1660474800.jpg,1920,1080
human,1613,557,1660474800.jpg,1920,1080
human,1630,553,1660474800.jpg,1920,1080
human,1644,523,1660474800.jpg,1920,1080
human,1486,592,1660474800.jpg,1920,1080
human,1308,604,1660474800.jpg,1920,1080
human,1378,601,1660474800.jpg,1920,1080
human,1287,612,1660474800.jpg,1920,1080
human,1250,620,1660474800.jpg,1920,1080
human,1097,604,1660474800.jpg,1920,1080
human,1132,633,1660474800.jpg,1920,1080
human,1137,586,1660474800.jpg,1920,1080
human,1112,587,1660474800.jpg,1920,1080
human,1159,544,1660474800.jpg,1920,1080
human,1279,550,1660474800.jpg,1920,1080
human,1318,540,1660474800.jpg,1920,1080
human,1356,520,1660474800.jpg,1920,1080
human,1378,538,1660474800.jpg,1920,1080
human,1247,505,1660474800.jpg,1920,1080
human,1202,497,1660474800.jpg,1920,1080
human,1155,502,1660474800.jpg,1920,1080
human,1075,505,1660474800.jpg,1920,1080
human,1082,501,1660474800.jpg,1920,1080
human,1087,508,1660474800.jpg,1920,1080
human,1096,508,1660474800.jpg,1920,1080
human,1108,538,1660474800.jpg,1920,1080
human,1126,537,1660474800.jpg,1920,1080
human,836,669,1660474800.jpg,1920,1080
human,894,667,1660474800.jpg,1920,1080
human,972,667,1660474800.jpg,1920,1080
human,988,658,1660474800.jpg,1920,1080
human,925,588,1660474800.jpg,1920,1080
human,899,586,1660474800.jpg,1920,1080
human,1036,597,1660474800.jpg,1920,1080
human,1016,601,1660474800.jpg,1920,1080
human,980,568,1660474800.jpg,1920,1080
human,908,521,1660474800.jpg,1920,1080
human,612,659,1660474800.jpg,1920,1080
human,621,613,1660474800.jpg,1920,1080
human,634,607,1660474800.jpg,1920,1080
human,615,601,1660474800.jpg,1920,1080
human,744,644,1660474800.jpg,1920,1080
human,768,568,1660474800.jpg,1920,1080
human,705,552,1660474800.jpg,1920,1080
human,599,610,1660474800.jpg,1920,1080
human,633,582,1660474800.jpg,1920,1080
human,475,628,1660474800.jpg,1920,1080
human,504,602,1660474800.jpg,1920,1080
human,509,556,1660474800.jpg,1920,1080
human,512,572,1660474800.jpg,1920,1080
human,490,536,1660474800.jpg,1920,1080
human,514,536,1660474800.jpg,1920,1080
human,533,537,1660474800.jpg,1920,1080
human,543,528,1660474800.jpg,1920,1080
human,553,518,1660474800.jpg,1920,1080
human,571,521,1660474800.jpg,1920,1080
human,581,516,1660474800.jpg,1920,1080
human,596,529,1660474800.jpg,1920,1080
human,644,529,1660474800.jpg,1920,1080
human,637,554,1660474800.jpg,1920,1080
human,666,534,1660474800.jpg,1920,1080
human,677,537,1660474800.jpg,1920,1080
human,672,516,1660474800.jpg,1920,1080
human,682,518,1660474800.jpg,1920,1080
human,719,520,1660474800.jpg,1920,1080
human,743,550,1660474800.jpg,1920,1080
human,734,533,1660474800.jpg,1920,1080
human,743,530,1660474800.jpg,1920,1080
human,751,530,1660474800.jpg,1920,1080
human,778,516,1660474800.jpg,1920,1080
human,796,515,1660474800.jpg,1920,1080
human,738,513,1660474800.jpg,1920,1080
human,782,530,1660474800.jpg,1920,1080
human,767,553,1660474800.jpg,1920,1080
human,813,558,1660474800.jpg,1920,1080
human,796,556,1660474800.jpg,1920,1080
human,858,539,1660474800.jpg,1920,1080
human,828,548,1660474800.jpg,1920,1080
human,847,543,1660474800.jpg,1920,1080
human,805,530,1660474800.jpg,1920,1080
human,799,500,1660474800.jpg,1920,1080
human,869,510,1660474800.jpg,1920,1080
human,888,513,1660474800.jpg,1920,1080
human,933,497,1660474800.jpg,1920,1080
human,945,497,1660474800.jpg,1920,1080
human,961,514,1660474800.jpg,1920,1080
human,930,524,1660474800.jpg,1920,1080
human,963,540,1660474800.jpg,1920,1080
human,988,547,1660474800.jpg,1920,1080
human,362,564,1660474800.jpg,1920,1080
human,379,557,1660474800.jpg,1920,1080
human,430,570,1660474800.jpg,1920,1080
human,446,570,1660474800.jpg,1920,1080
human,452,541,1660474800.jpg,1920,1080
human,427,534,1660474800.jpg,1920,1080
human,387,540,1660474800.jpg,1920,1080
human,445,632,1660474800.jpg,1920,1080
human,410,552,1660474800.jpg,1920,1080
human,324,564,1660474800.jpg,1920,1080
human,335,573,1660474800.jpg,1920,1080
human,292,557,1660474800.jpg,1920,1080
human,854,571,1660474800.jpg,1920,1080
human,872,575,1660474800.jpg,1920,1080
human,1001,607,1660474800.jpg,1920,1080
human,1028,509,1660474800.jpg,1920,1080
human,1046,505,1660474800.jpg,1920,1080
human,1062,487,1660474800.jpg,1920,1080
human,1077,490,1660474800.jpg,1920,1080
human,1084,483,1660474800.jpg,1920,1080
human,1082,476,1660474800.jpg,1920,1080
human,1095,476,1660474800.jpg,1920,1080
human,1141,502,1660474800.jpg,1920,1080
human,1204,486,1660474800.jpg,1920,1080
human,1226,487,1660474800.jpg,1920,1080
human,1261,480,1660474800.jpg,1920,1080
human,1297,477,1660474800.jpg,1920,1080
human,1309,481,1660474800.jpg,1920,1080
human,1318,472,1660474800.jpg,1920,1080
human,1338,466,1660474800.jpg,1920,1080
human,1346,486,1660474800.jpg,1920,1080
human,1259,528,1660474800.jpg,1920,1080
human,1284,536,1660474800.jpg,1920,1080
human,1232,565,1660474800.jpg,1920,1080
human,1499,525,1660474800.jpg,1920,1080
human,1572,535,1660474800.jpg,1920,1080
human,1433,478,1660474800.jpg,1920,1080
human,1451,449,1660474800.jpg,1920,1080
human,1400,472,1660474800.jpg,1920,1080
human,1412,466,1660474800.jpg,1920,1080
human,1402,467,1660474800.jpg,1920,1080
human,1416,459,1660474800.jpg,1920,1080
human,1397,463,1660474800.jpg,1920,1080
human,1495,462,1660474800.jpg,1920,1080
human,1613,427,1660474800.jpg,1920,1080
human,1532,489,1660474800.jpg,1920,1080
human,1625,490,1660474800.jpg,1920,1080
human,370,597,1660474800.jpg,1920,1080
human,1565,455,1660474800.jpg,1920,1080
human,1577,440,1660474800.jpg,1920,1080
human,1561,495,1660474800.jpg,1920,1080
human,1469,465,1660474800.jpg,1920,1080
human,1773,591,1660478400.jpg,1920,1080
human,1789,583,1660478400.jpg,1920,1080
human,1818,581,1660478400.jpg,1920,1080
human,1916,550,1660478400.jpg,1920,1080
human,1903,509,1660478400.jpg,1920,1080
human,1870,468,1660478400.jpg,1920,1080
human,1879,457,1660478400.jpg,1920,1080
human,1852,499,1660478400.jpg,1920,1080
human,1825,496,1660478400.jpg,1920,1080
human,1679,503,1660478400.jpg,1920,1080
human,1691,500,1660478400.jpg,1920,1080
human,1706,499,1660478400.jpg,1920,1080
human,1725,519,1660478400.jpg,1920,1080
human,1690,543,1660478400.jpg,1920,1080
human,1612,542,1660478400.jpg,1920,1080
human,1663,564,1660478400.jpg,1920,1080
human,1518,568,1660478400.jpg,1920,1080
human,1493,587,1660478400.jpg,1920,1080
human,1409,569,1660478400.jpg,1920,1080
human,1470,521,1660478400.jpg,1920,1080
human,1441,515,1660478400.jpg,1920,1080
human,1431,510,1660478400.jpg,1920,1080
human,1565,516,1660478400.jpg,1920,1080
human,1627,532,1660478400.jpg,1920,1080
human,1644,522,1660478400.jpg,1920,1080
human,1542,510,1660478400.jpg,1920,1080
human,1720,485,1660478400.jpg,1920,1080
human,1127,712,1660478400.jpg,1920,1080
human,1255,717,1660478400.jpg,1920,1080
human,1341,730,1660478400.jpg,1920,1080
human,1318,611,1660478400.jpg,1920,1080
human,1383,601,1660478400.jpg,1920,1080
human,1092,644,1660478400.jpg,1920,1080
human,1234,660,1660478400.jpg,1920,1080
human,1257,657,1660478400.jpg,1920,1080
human,1283,656,1660478400.jpg,1920,1080
human,1304,632,1660478400.jpg,1920,1080
human,1344,556,1660478400.jpg,1920,1080
human,1382,526,1660478400.jpg,1920,1080
human,1225,495,1660478400.jpg,1920,1080
human,1259,495,1660478400.jpg,1920,1080
human,1284,499,1660478400.jpg,1920,1080
human,1308,473,1660478400.jpg,1920,1080
human,1285,472,1660478400.jpg,1920,1080
human,1316,488,1660478400.jpg,1920,1080
human,1300,494,1660478400.jpg,1920,1080
human,1422,497,1660478400.jpg,1920,1080
human,1413,499,1660478400.jpg,1920,1080
human,1345,475,1660478400.jpg,1920,1080
human,1427,478,1660478400.jpg,1920,1080
human,1454,492,1660478400.jpg,1920,1080
human,1529,473,1660478400.jpg,1920,1080
human,1520,477,1660478400.jpg,1920,1080
human,1463,468,1660478400.jpg,1920,1080
human,1490,463,1660478400.jpg,1920,1080
human,1430,454,1660478400.jpg,1920,1080
human,1418,458,1660478400.jpg,1920,1080
human,1397,499,1660478400.jpg,1920,1080
human,1369,498,1660478400.jpg,1920,1080
human,1048,621,1660478400.jpg,1920,1080
human,1024,600,1660478400.jpg,1920,1080
human,1036,505,1660478400.jpg,1920,1080
human,1075,510,1660478400.jpg,1920,1080
human,1083,502,1660478400.jpg,1920,1080
human,1157,500,1660478400.jpg,1920,1080
human,1173,505,1660478400.jpg,1920,1080
human,1201,501,1660478400.jpg,1920,1080
human,1208,526,1660478400.jpg,1920,1080
human,1137,523,1660478400.jpg,1920,1080
human,1124,499,1660478400.jpg,1920,1080
human,1164,484,1660478400.jpg,1920,1080
human,771,677,1660478400.jpg,1920,1080
human,907,653,1660478400.jpg,1920,1080
human,894,635,1660478400.jpg,1920,1080
human,951,630,1660478400.jpg,1920,1080
human,983,663,1660478400.jpg,1920,1080
human,902,540,1660478400.jpg,1920,1080
human,923,521,1660478400.jpg,1920,1080
human,963,534,1660478400.jpg,1920,1080
human,983,502,1660478400.jpg,1920,1080
human,781,515,1660478400.jpg,1920,1080
human,769,515,1660478400.jpg,1920,1080
human,763,514,1660478400.jpg,1920,1080
human,813,563,1660478400.jpg,1920,1080
human,795,562,1660478400.jpg,1920,1080
human,852,575,1660478400.jpg,1920,1080
human,809,639,1660478400.jpg,1920,1080
human,785,636,1660478400.jpg,1920,1080
human,696,658,1660478400.jpg,1920,1080
human,720,653,1660478400.jpg,1920,1080
human,657,583,1660478400.jpg,1920,1080
human,670,587,1660478400.jpg,1920,1080
human,650,628,1660478400.jpg,1920,1080
human,749,533,1660478400.jpg,1920,1080
human,808,614,1660478400.jpg,1920,1080
human,516,538,1660478400.jpg,1920,1080
human,501,559,1660478400.jpg,1920,1080
human,450,543,1660478400.jpg,1920,1080
human,473,576,1660478400.jpg,1920,1080
human,442,585,1660478400.jpg,1920,1080
human,436,620,1660478400.jpg,1920,1080
human,355,562,1660478400.jpg,1920,1080
human,364,557,1660478400.jpg,1920,1080
human,384,561,1660478400.jpg,1920,1080
human,401,562,1660478400.jpg,1920,1080
human,379,539,1660478400.jpg,1920,1080
human,342,566,1660478400.jpg,1920,1080
human,334,569,1660478400.jpg,1920,1080
human,387,586,1660478400.jpg,1920,1080
human,636,533,1660478400.jpg,1920,1080
human,669,529,1660478400.jpg,1920,1080
human,694,537,1660478400.jpg,1920,1080
human,647,517,1660478400.jpg,1920,1080
human,149,635,1660478400.jpg,1920,1080
human,294,567,1660478400.jpg,1920,1080
human,61,629,1660478400.jpg,1920,1080
human,35,633,1660478400.jpg,1920,1080
human,77,604,1660478400.jpg,1920,1080
human,57,576,1660478400.jpg,1920,1080
human,60,558,1660478400.jpg,1920,1080
human,135,555,1660478400.jpg,1920,1080
human,281,552,1660478400.jpg,1920,1080
human,286,544,1660478400.jpg,1920,1080
human,294,549,1660478400.jpg,1920,1080
human,267,555,1660478400.jpg,1920,1080
human,107,571,1660478400.jpg,1920,1080
human,100,552,1660478400.jpg,1920,1080
human,489,553,1660478400.jpg,1920,1080
human,541,518,1660478400.jpg,1920,1080
human,561,525,1660478400.jpg,1920,1080
human,990,608,1660478400.jpg,1920,1080
human,1567,423,1660478400.jpg,1920,1080
human,1583,424,1660478400.jpg,1920,1080
human,1574,441,1660478400.jpg,1920,1080
human,1564,435,1660478400.jpg,1920,1080
human,1564,443,1660478400.jpg,1920,1080
human,1565,454,1660478400.jpg,1920,1080
human,1553,451,1660478400.jpg,1920,1080
human,1552,443,1660478400.jpg,1920,1080
human,1541,443,1660478400.jpg,1920,1080
human,1533,443,1660478400.jpg,1920,1080
human,1497,444,1660478400.jpg,1920,1080
human,1531,429,1660478400.jpg,1920,1080
human,1541,454,1660478400.jpg,1920,1080
human,1606,436,1660478400.jpg,1920,1080
human,1612,429,1660478400.jpg,1920,1080
human,1618,438,1660478400.jpg,1920,1080
human,1591,443,1660478400.jpg,1920,1080
human,1597,437,1660478400.jpg,1920,1080
human,1582,471,1660478400.jpg,1920,1080
human,1629,446,1660478400.jpg,1920,1080
human,1582,504,1660478400.jpg,1920,1080
human,251,832,1660482000.jpg,1920,1080
human,313,687,1660482000.jpg,1920,1080
human,394,659,1660482000.jpg,1920,1080
human,380,652,1660482000.jpg,1920,1080
human,443,645,1660482000.jpg,1920,1080
human,456,641,1660482000.jpg,1920,1080
human,351,667,1660482000.jpg,1920,1080
human,343,654,1660482000.jpg,1920,1080
human,202,639,1660482000.jpg,1920,1080
human,157,640,1660482000.jpg,1920,1080
human,78,621,1660482000.jpg,1920,1080
human,53,635,1660482000.jpg,1920,1080
human,38,635,1660482000.jpg,1920,1080
human,10,646,1660482000.jpg,1920,1080
human,45,575,1660482000.jpg,1920,1080
human,57,571,1660482000.jpg,1920,1080
human,85,575,1660482000.jpg,1920,1080
human,117,568,1660482000.jpg,1920,1080
human,133,572,1660482000.jpg,1920,1080
human,134,611,1660482000.jpg,1920,1080
human,208,563,1660482000.jpg,1920,1080
human,226,557,1660482000.jpg,1920,1080
human,241,550,1660482000.jpg,1920,1080
human,256,556,1660482000.jpg,1920,1080
human,121,551,1660482000.jpg,1920,1080
human,287,575,1660482000.jpg,1920,1080
human,306,564,1660482000.jpg,1920,1080
human,335,569,1660482000.jpg,1920,1080
human,346,567,1660482000.jpg,1920,1080
human,371,569,1660482000.jpg,1920,1080
human,389,569,1660482000.jpg,1920,1080
human,384,548,1660482000.jpg,1920,1080
human,396,547,1660482000.jpg,1920,1080
human,406,575,1660482000.jpg,1920,1080
human,414,567,1660482000.jpg,1920,1080
human,433,562,1660482000.jpg,1920,1080
human,440,568,1660482000.jpg,1920,1080
human,459,569,1660482000.jpg,1920,1080
human,381,595,1660482000.jpg,1920,1080
human,358,601,1660482000.jpg,1920,1080
human,492,581,1660482000.jpg,1920,1080
human,518,588,1660482000.jpg,1920,1080
human,551,605,1660482000.jpg,1920,1080
human,576,601,1660482000.jpg,1920,1080
human,571,650,1660482000.jpg,1920,1080
human,593,652,1660482000.jpg,1920,1080
human,607,639,1660482000.jpg,1920,1080
human,532,649,1660482000.jpg,1920,1080
human,658,586,1660482000.jpg,1920,1080
human,833,673,1660482000.jpg,1920,1080
human,862,669,1660482000.jpg,1920,1080
human,796,674,1660482000.jpg,1920,1080
human,715,658,1660482000.jpg,1920,1080
human,636,550,1660482000.jpg,1920,1080
human,604,531,1660482000.jpg,1920,1080
human,571,533,1660482000.jpg,1920,1080
human,734,537,1660482000.jpg,1920,1080
human,708,552,1660482000.jpg,1920,1080
human,758,574,1660482000.jpg,1920,1080
human,782,569,1660482000.jpg,1920,1080
human,759,551,1660482000.jpg,1920,1080
human,770,557,1660482000.jpg,1920,1080
human,857,523,1660482000.jpg,1920,1080
human,807,562,1660482000.jpg,1920,1080
human,894,562,1660482000.jpg,1920,1080
human,976,650,1660482000.jpg,1920,1080
human,999,614,1660482000.jpg,1920,1080
human,963,538,1660482000.jpg,1920,1080
human,978,539,1660482000.jpg,1920,1080
human,947,539,1660482000.jpg,1920,1080
human,928,511,1660482000.jpg,1920,1080
human,959,506,1660482000.jpg,1920,1080
human,909,507,1660482000.jpg,1920,1080
human,988,573,1660482000.jpg,1920,1080
human,1112,547,1660482000.jpg,1920,1080
human,1044,515,1660482000.jpg,1920,1080
human,1220,501,1660482000.jpg,1920,1080
human,1237,501,1660482000.jpg,1920,1080
human,1255,499,1660482000.jpg,1920,1080
human,1089,506,1660482000.jpg,1920,1080
human,1141,522,1660482000.jpg,1920,1080
human,1256,625,1660482000.jpg,1920,1080
human,1457,589,1660482000.jpg,1920,1080
human,1508,590,1660482000.jpg,1920,1080
human,1487,595,1660482000.jpg,1920,1080
human,1378,532,1660482000.jpg,1920,1080
human,1388,496,1660482000.jpg,1920,1080
human,1472,537,1660482000.jpg,1920,1080
human,1421,522,1660482000.jpg,1920,1080
human,1418,511,1660482000.jpg,1920,1080
human,1504,539,1660482000.jpg,1920,1080
human,1290,512,1660482000.jpg,1920,1080
human,1292,495,1660482000.jpg,1920,1080
human,1577,535,1660482000.jpg,1920,1080
human,1584,542,1660482000.jpg,1920,1080
human,1686,523,1660482000.jpg,1920,1080
human,1912,560,1660482000.jpg,1920,1080
human,1904,543,1660482000.jpg,1920,1080
human,1876,481,1660482000.jpg,1920,1080
human,1866,457,1660482000.jpg,1920,1080
human,1858,454,1660482000.jpg,1920,1080
human,1852,462,1660482000.jpg,1920,1080
human,1830,502,1660482000.jpg,1920,1080
human,1731,527,1660482000.jpg,1920,1080
human,1596,455,1660482000.jpg,1920,1080
human,1613,453,1660482000.jpg,1920,1080
human,1555,434,1660482000.jpg,1920,1080
human,1587,425,1660482000.jpg,1920,1080
human,1408,468,1660482000.jpg,1920,1080
human,1496,462,1660482000.jpg,1920,1080
human,1418,483,1660482000.jpg,1920,1080
human,1651,540,1660482000.jpg,1920,1080
human,324,527,1660482000.jpg,1920,1080
human,256,492,1660482000.jpg,1920,1080
human,234,500,1660482000.jpg,1920,1080
human,214,497,1660482000.jpg,1920,1080
human,430,535,1660482000.jpg,1920,1080
human,592,520,1660482000.jpg,1920,1080
human,583,520,1660482000.jpg,1920,1080
human,557,518,1660482000.jpg,1920,1080
human,554,493,1660482000.jpg,1920,1080
human,566,491,1660482000.jpg,1920,1080
human,541,489,1660482000.jpg,1920,1080
human,531,496,1660482000.jpg,1920,1080
human,367,550,1660482000.jpg,1920,1080
human,355,553,1660482000.jpg,1920,1080
human,657,517,1660482000.jpg,1920,1080
human,877,491,1660482000.jpg,1920,1080
human,994,493,1660482000.jpg,1920,1080
human,1163,482,1660482000.jpg,1920,1080
human,1072,501,1660482000.jpg,1920,1080
human,1884,961,1660482000.jpg,1920,1080
human,1905,975,1660482000.jpg,1920,1080
human,1574,941,1660482000.jpg,1920,1080
human,1551,930,1660482000.jpg,1920,1080
human,1420,626,1660485600.jpg,1920,1080
human,1367,574,1660485600.jpg,1920,1080
human,1505,581,1660485600.jpg,1920,1080
human,1542,593,1660485600.jpg,1920,1080
human,1536,578,1660485600.jpg,1920,1080
human,1538,562,1660485600.jpg,1920,1080
human,1557,571,1660485600.jpg,1920,1080
human,1568,593,1660485600.jpg,1920,1080
human,1575,576,1660485600.jpg,1920,1080
human,1602,571,1660485600.jpg,1920,1080
human,1591,594,1660485600.jpg,1920,1080
human,1626,563,1660485600.jpg,1920,1080
human,1630,552,1660485600.jpg,1920,1080
human,1641,559,1660485600.jpg,1920,1080
human,1855,571,1660485600.jpg,1920,1080
human,1738,540,1660485600.jpg,1920,1080
human,1876,530,1660485600.jpg,1920,1080
human,1888,519,1660485600.jpg,1920,1080
human,1897,525,1660485600.jpg,1920,1080
human,1908,519,1660485600.jpg,1920,1080
human,1883,499,1660485600.jpg,1920,1080
human,1876,489,1660485600.jpg,1920,1080
human,1870,475,1660485600.jpg,1920,1080
human,1879,475,1660485600.jpg,1920,1080
human,1888,490,1660485600.jpg,1920,1080
human,1827,502,1660485600.jpg,1920,1080
human,1684,495,1660485600.jpg,1920,1080
human,1462,523,1660485600.jpg,1920,1080
human,1410,521,1660485600.jpg,1920,1080
human,1393,520,1660485600.jpg,1920,1080
human,1377,517,1660485600.jpg,1920,1080
human,1396,474,1660485600.jpg,1920,1080
human,1421,478,1660485600.jpg,1920,1080
human,1565,453,1660485600.jpg,1920,1080
human,1554,461,1660485600.jpg,1920,1080
human,1524,438,1660485600.jpg,1920,1080
human,1592,439,1660485600.jpg,1920,1080
human,1621,425,1660485600.jpg,1920,1080
human,1613,433,1660485600.jpg,1920,1080
human,1614,458,1660485600.jpg,1920,1080
human,1607,459,1660485600.jpg,1920,1080
human,1611,493,1660485600.jpg,1920,1080
human,1634,484,1660485600.jpg,1920,1080
human,1330,467,1660485600.jpg,1920,1080
human,1283,486,1660485600.jpg,1920,1080
human,1269,481,1660485600.jpg,1920,1080
human,1254,573,1660485600.jpg,1920,1080
human,1172,494,1660485600.jpg,1920,1080
human,1136,501,1660485600.jpg,1920,1080
human,1123,497,1660485600.jpg,1920,1080
human,988,653,1660485600.jpg,1920,1080
human,1046,533,1660485600.jpg,1920,1080
human,1002,539,1660485600.jpg,1920,1080
human,981,571,1660485600.jpg,1920,1080
human,1008,574,1660485600.jpg,1920,1080
human,1100,561,1660485600.jpg,1920,1080
human,1014,508,1660485600.jpg,1920,1080
human,1224,494,1660485600.jpg,1920,1080
human,1286,511,1660485600.jpg,1920,1080
human,1311,515,1660485600.jpg,1920,1080
human,1477,537,1660485600.jpg,1920,1080
human,1163,482,1660485600.jpg,1920,1080
human,957,522,1660485600.jpg,1920,1080
human,965,506,1660485600.jpg,1920,1080
human,942,517,1660485600.jpg,1920,1080
human,869,521,1660485600.jpg,1920,1080
human,889,545,1660485600.jpg,1920,1080
human,903,559,1660485600.jpg,1920,1080
human,829,540,1660485600.jpg,1920,1080
human,811,560,1660485600.jpg,1920,1080
human,824,560,1660485600.jpg,1920,1080
human,949,657,1660485600.jpg,1920,1080
human,812,676,1660485600.jpg,1920,1080
human,828,674,1660485600.jpg,1920,1080
human,856,678,1660485600.jpg,1920,1080
human,764,676,1660485600.jpg,1920,1080
human,887,593,1660485600.jpg,1920,1080
human,744,526,1660485600.jpg,1920,1080
human,710,528,1660485600.jpg,1920,1080
human,612,542,1660485600.jpg,1920,1080
human,647,528,1660485600.jpg,1920,1080
human,621,521,1660485600.jpg,1920,1080
human,638,573,1660485600.jpg,1920,1080
human,539,720,1660485600.jpg,1920,1080
human,538,691,1660485600.jpg,1920,1080
human,512,715,1660485600.jpg,1920,1080
human,500,703,1660485600.jpg,1920,1080
human,483,720,1660485600.jpg,1920,1080
human,475,703,1660485600.jpg,1920,1080
human,531,664,1660485600.jpg,1920,1080
human,431,615,1660485600.jpg,1920,1080
human,445,614,1660485600.jpg,1920,1080
human,481,587,1660485600.jpg,1920,1080
human,466,583,1660485600.jpg,1920,1080
human,453,579,1660485600.jpg,1920,1080
human,443,573,1660485600.jpg,1920,1080
human,430,554,1660485600.jpg,1920,1080
human,436,541,1660485600.jpg,1920,1080
human,504,606,1660485600.jpg,1920,1080
human,509,588,1660485600.jpg,1920,1080
human,539,596,1660485600.jpg,1920,1080
human,536,570,1660485600.jpg,1920,1080
human,514,578,1660485600.jpg,1920,1080
human,501,568,1660485600.jpg,1920,1080
human,496,542,1660485600.jpg,1920,1080
human,473,545,1660485600.jpg,1920,1080
human,545,540,1660485600.jpg,1920,1080
human,563,536,1660485600.jpg,1920,1080
human,505,529,1660485600.jpg,1920,1080
human,840,521,1660485600.jpg,1920,1080
human,711,743,1660485600.jpg,1920,1080
human,267,674,1660485600.jpg,1920,1080
human,52,572,1660485600.jpg,1920,1080
human,31,573,1660485600.jpg,1920,1080
human,76,586,1660485600.jpg,1920,1080
human,99,567,1660485600.jpg,1920,1080
human,113,616,1660485600.jpg,1920,1080
human,136,613,1660485600.jpg,1920,1080
human,203,611,1660485600.jpg,1920,1080
human,163,602,1660485600.jpg,1920,1080
human,185,582,1660485600.jpg,1920,1080
human,166,561,1660485600.jpg,1920,1080
human,256,576,1660485600.jpg,1920,1080
human,290,562,1660485600.jpg,1920,1080
human,304,587,1660485600.jpg,1920,1080
human,318,601,1660485600.jpg,1920,1080
human,289,639,1660485600.jpg,1920,1080
human,239,599,1660485600.jpg,1920,1080
human,284,592,1660485600.jpg,1920,1080
human,333,571,1660485600.jpg,1920,1080
human,342,605,1660485600.jpg,1920,1080
human,358,592,1660485600.jpg,1920,1080
human,395,576,1660485600.jpg,1920,1080
human,395,558,1660485600.jpg,1920,1080
human,408,559,1660485600.jpg,1920,1080
human,361,536,1660485600.jpg,1920,1080
human,219,551,1660485600.jpg,1920,1080
human,207,556,1660485600.jpg,1920,1080
human,257,548,1660485600.jpg,1920,1080
human,708,513,1660485600.jpg,1920,1080
human,803,513,1660485600.jpg,1920,1080
human,978,549,1660485600.jpg,1920,1080
human,858,576,1660485600.jpg,1920,1080